Title,Price,Total Price
"Oni Secret Denim 288-DIZR 38x30 Straight Fit Men's 20oz Denim",$180.00,$204.26
"Iron & Resin Pants Mens 36x32 Blue Fatigue Canvas Straight Military Utility Work",$31.00,$43.55
"Naked & Famous King Of Slub 2 Super Guy 38 (fits Like a 36) $388 List",$179.99,$212.62
"Naked And Famous Stretch Skinny Guy Size 36",$24.00,$37.03
"Samurai Jeans S510XX 21 oz. Lot 15 size 38x33",$153.00,$176.28
"Sz 40 Iron Heart Black Armor 634z 21oz Zip Fly Non Selvage Heavy Jeans",$175.00,$209.05
"Levi's 501 White oak cone Mens Straight Fit Jeans Button Fly W38 X L32 Purple",$22.00,$35.66
"Levi's 501 Men's Jeans Olive Green White Oak Cone Denim Size 38x33",$22.49,$35.37
"SoSo Brothers 25oz Heavyweight Selvedge jeans",$217.00,$236.31
"NWOT Naked & Famous Selvedge Super Guy Jeans",$65.00,$81.12
"Kenneth Cole Reaction Desert Wind Chukka Boots Brown Leather Shoes Men Size 10.5",$5.00,$13.07
"Duckfeet Roskilde Leather Chelsea Boots Cocoa Brown/Red Size Size 11",$65.00,$95.23
"Red Wing Moc Toe 1907 Men's 11",$77.68,$107.30
"Mens Clarks Morris Easy Waterproof Leather Slip On Chelsea Boots Size 11 EUC",$24.00,$39.28
"Vintage K-Mark Sportsman Shirt Men's Large Neon Orange Flannel Button Up Pockets",$18.00,$28.30
"Orvis Shirt Mens Extra Large Red Plaid Overshirt Heavy Flannel Shacket Pockets",$17.00,$28.30
"Dixxon Flannel McCaffrey Mens Large Green Black Pearl Snaps",$25.00,$37.24
"Dixxon Men's Large Old Port Flannel Shirt Red Plaid Button Up Long Sleeve Casual",$42.50,$46.28
